Time (%),Total Time (ns),Instances,Avg (ns),Med (ns),Min (ns),Max (ns),StdDev (ns),Name
34.6,2431409607,11760,206752.5,187728.0,55168,823743,101764.4,"void dsv41_x3ld::ld_kernel<(int)2, (int)8, (int)1, (int)2, (int)10, (int)0>(const __half *, const __half *, const long *, const long *, const int *, const int *, const int *, const int *, const int *, float *, int, int, int, int, int, int)"
8.0,565155448,11613,48665.8,54688.0,30464,131616,12551.6,"void dsv41_x3seg::seg_linear_kernel<(int)10, (int)2, (int)4, (int)3>(dsv41_x3seg::LinTable, int, int)"
6.0,422318191,4851,87058.0,73312.0,61536,649151,67279.1,"void <unnamed>::linear_kernel<(int)10, (int)2, (int)8>(const __half *, const unsigned int *, long long, long long, const __half *, const __half *, void *, int, float *, int *, int, int, int, int)"
5.8,410435121,5880,69801.9,67776.0,62080,157952,6744.6,"void <unnamed>::linear_kernel<(int)10, (int)2, (int)4>(const __half *, const unsigned int *, long long, long long, const __half *, const __half *, void *, int, float *, int *, int, int, int, int)"
5.4,380785984,13389,28440.2,27872.0,3648,265823,10596.8,_site
4.6,322332273,13682,23558.9,12544.0,6880,2757948,72419.7,tfroce::gather_kernel(tfroce::GatherArgs)
4.4,306772889,293,1047006.4,1031326.0,992319,1381886,53586.9,"void <unnamed>::linear_kernel<(int)12, (int)2, (int)8>(const __half *, const unsigned int *, long long, long long, const __half *, const __half *, void *, int, float *, int *, int, int, int, int)"
2.3,160202165,70,2288602.4,2267213.0,1534878,3630715,389143.4,"void dsv41_x3gm::gm_kernel<(int)2, (int)2, (int)6, (int)2, (int)8, (int)2, (int)4, (int)4>(dsv41_x3gm::Args)"
2.0,143010586,6398,22352.4,20672.0,17216,213216,11402.1,_chunks
2.0,140521337,876,160412.5,148863.5,57536,376095,64531.5,"void dsv41_x3ld::ld_kernel<(int)2, (int)8, (int)1, (int)8, (int)8, (int)0>(const __half *, const __half *, const long *, const long *, const int *, const int *, const int *, const int *, const int *, float *, int, int, int, int, int, int)"
1.9,136181536,13091,10402.7,10719.0,3584,56544,2642.3,_finish_k
1.7,116874771,1176,99383.3,97024.0,83935,197824,11843.9,"void dsv41_x3seg::seg_linear_kernel<(int)10, (int)2, (int)8, (int)1>(dsv41_x3seg::LinTable, int, int)"
1.5,103543558,938,110387.6,96096.0,16000,345472,60285.8,_gemm
1.4,96206845,1225,78536.2,31968.0,13504,185951,59212.3,"void at::native::sbtopk::gatherTopK<long, unsigned int, (int)2, (bool)0>(at::cuda::detail::TensorInfo<const T1, T2>, T2, T2, bool, T2, T2, at::cuda::detail::TensorInfo<T1, T2>, T2, at::cuda::detail::TensorInfo<long, T2>, T2, T1 *)"
1.2,81352655,585,139064.4,57888.0,49088,451232,142227.9,"void <unnamed>::linear_kernel<(int)8, (int)2, (int)8>(const __half *, const unsigned int *, long long, long long, const __half *, const __half *, void *, int, float *, int *, int, int, int, int)"
1.1,78975470,804,98228.2,56096.0,23808,624576,87733.2,"void <unnamed>::unpack_kernel<(int)10, (int)2>(const unsigned int *, __half *, int, long, long)"
1.1,77925196,70,1113217.1,1092302.0,763039,1702685,190823.8,"void dsv41_x3gm::gm_kernel<(int)1, (int)1, (int)6, (int)2, (int)8, (int)4, (int)4, (int)8>(dsv41_x3gm::Args)"
1.0,72525822,2240,32377.6,32000.0,29312,95008,2855.4,"void dsv41_rg::gemv_kernel<(int)2, (int)8, (int)1>(dsv41_rg::Args)"
1.0,68588304,2000,34294.2,33568.0,30368,103552,4694.4,"void dsv41_rg::gemv_kernel<(int)4, (int)8, (int)1>(dsv41_rg::Args)"
1.0,67910043,13392,5070.9,4288.0,2784,57856,2670.9,_rms
0.9,66006590,1034,63836.2,55840.0,14368,488032,64584.7,"void <unnamed>::linear_kernel<(int)8, (int)2, (int)4>(const __half *, const unsigned int *, long long, long long, const __half *, const __half *, void *, int, float *, int *, int, int, int, int)"
0.7,51919060,298,174225.0,126735.5,25311,457119,82360.6,ncclDevKernel_AllGather_RING_LL(ncclDevKernelArgsStorage<(unsigned long)4096>)
0.7,50372251,6318,7972.8,7904.0,3680,56320,2365.3,"<unnamed>::gateup_epilogue_kernel(const float *, const int *, const __half *, const __half *, const __half *, __half *, int, int, int, int, float, int)"
0.7,46730176,6318,7396.4,6880.0,3072,22784,2561.4,"<unnamed>::group_kernel(const int *, int *, int *, int *, int, int, int, int)"
0.7,46585049,1160,40159.5,38880.0,34912,110720,6480.0,"void dsv41_rg::gemv_kernel<(int)8, (int)8, (int)1>(dsv41_rg::Args)"
0.5,35606324,6318,5635.7,5216.0,3008,43296,2076.7,"<unnamed>::down_combine_kernel(const float *, const int *, const __half *, float *, const float *, float *, int, int, int, int, int)"
0.5,34428676,876,39302.1,44576.0,20928,124927,13339.6,"void dsv41_x3seg::seg_linear_kernel<(int)8, (int)2, (int)4, (int)3>(dsv41_x3seg::LinTable, int, int)"
0.5,33948869,6318,5373.4,4768.0,2176,55680,2612.1,"void <unnamed>::rot_in_kernel<__nv_bfloat16>(const T1 *, int, const int *, const __half *, const __half *, __half *, __half *, int, int, int)"
0.4,31502700,16519,1907.1,1472.0,1056,33408,1059.7,"void at::native::unrolled_elementwise_kernel<at::native::direct_copy_kernel_cuda(at::TensorIteratorBase &)::[lambda() (instance 3)]::operator ()() const::[lambda() (instance 7)]::operator ()() const::[lambda(float) (instance 1)], std::array<char *, (unsigned long)2>, (int)4, TrivialOffsetCalculator<(int)1, unsigned int>, TrivialOffsetCalculator<(int)1, unsigned int>, at::native::memory::LoadWithCast<(int)1>, at::native::memory::StoreWithCast<(int)1>>(int, T1, T2, T4, T5, T6, T7)"
0.4,30731054,298,103124.3,99775.0,99136,220895,14374.5,_fuse
0.4,29181431,13812,2112.8,1792.0,1536,30144,1227.5,dsv41_x3seg::seg_rot_in_kernel(dsv41_x3seg::RotTable)
0.4,27031663,1223,22102.7,21952.0,21855,51456,1528.6,"void at::native::radixSortKVInPlace<(int)2, (int)-1, (int)32, (int)32, long, long, unsigned int>(at::cuda::detail::TensorInfo<T5, T7>, T7, T7, T7, at::cuda::detail::TensorInfo<T6, T7>, T7, bool)"
0.4,25921210,14169,1829.4,1408.0,1312,42464,1436.5,"<unnamed>::rot_in_kernel(const void *, int, const __half *, __half *, int)"
0.3,21184037,1192,17771.8,15552.0,11968,147328,13623.8,_plain
0.3,19945091,7590,2627.8,2464.0,1056,19744,1365.3,_rope
0.2,17478536,10,1747853.6,1594494.0,1474334,2282492,305163.5,"void dsv41_x3gm::gm_kernel<(int)2, (int)2, (int)4, (int)2, (int)8, (int)2, (int)4, (int)4>(dsv41_x3gm::Args)"
0.2,15355462,80,191943.3,189647.5,187840,309247,14200.2,_logits
0.2,15215084,480,31698.1,31280.0,29024,61024,2696.5,"void dsv41_rg::gemv_kernel<(int)1, (int)8, (int)1>(dsv41_rg::Args)"
0.2,14971240,7441,2012.0,1439.0,768,36704,1296.3,_kv_store
0.2,14961450,6398,2338.5,1856.0,1408,47040,2184.2,_merge
0.2,14863880,14725,1009.4,896.0,831,14400,646.5,"void at::native::vectorized_elementwise_kernel<(int)4, at::native::bfloat16_copy_kernel_cuda(at::TensorIteratorBase &)::[lambda(float) (instance 1)], std::array<char *, (unsigned long)2>>(int, T2, T3)"
0.2,12808463,438,29243.1,28400.0,26528,65503,2977.1,"void dsv41_rg::gemv_kernel<(int)8, (int)4, (int)1>(dsv41_rg::Args)"
0.2,12159691,146,83285.6,81023.5,76928,167903,10332.0,_chain
0.2,10960493,122,89840.1,68175.5,55648,417631,76028.4,"void <unnamed>::unpack_kernel<(int)8, (int)2>(const unsigned int *, __half *, int, long, long)"
0.1,9655598,1192,8100.3,4816.0,2240,182591,13778.8,_scores
0.1,8835443,10,883544.3,817439.0,721471,1142654,153634.2,"void dsv41_x3gm::gm_kernel<(int)1, (int)1, (int)4, (int)2, (int)8, (int)4, (int)4, (int)8>(dsv41_x3gm::Args)"
0.1,8198352,108,75910.7,30832.0,18464,144352,56942.6,"void at::native::sbtopk::gatherTopK<long, unsigned int, (int)1, (bool)0>(at::cuda::detail::TensorInfo<const T1, T2>, T2, T2, bool, T2, T2, at::cuda::detail::TensorInfo<T1, T2>, T2, at::cuda::detail::TensorInfo<long, T2>, T2, T1 *)"
0.1,7771056,6398,1214.6,1184.0,896,18112,699.1,"void at::native::vectorized_elementwise_kernel<(int)4, at::native::float16_copy_kernel_cuda(at::TensorIteratorBase &)::[lambda(float) (instance 1)], std::array<char *, (unsigned long)2>>(int, T2, T3)"
0.1,7379636,147,50201.6,49376.0,40576,123136,6743.3,"void dsv41_x3seg::seg_linear_kernel<(int)12, (int)2, (int)4, (int)3>(dsv41_x3seg::LinTable, int, int)"
0.1,7205687,3060,2354.8,2176.0,1728,19968,815.2,"void at::native::unrolled_elementwise_kernel<at::native::direct_copy_kernel_cuda(at::TensorIteratorBase &)::[lambda() (instance 3)]::operator ()() const::[lambda() (instance 4)]::operator ()() const::[lambda(long) (instance 1)], std::array<char *, (unsigned long)2>, (int)4, TrivialOffsetCalculator<(int)1, unsigned int>, TrivialOffsetCalculator<(int)1, unsigned int>, at::native::memory::LoadWithCast<(int)1>, at::native::memory::StoreWithCast<(int)1>>(int, T1, T2, T4, T5, T6, T7)"
0.1,6826326,1192,5726.8,5504.0,4448,43808,2236.2,"void at::native::elementwise_kernel<(int)128, (int)4, void at::native::gpu_kernel_impl_nocast<at::native::<unnamed>::CompareFunctor<long>>(at::TensorIteratorBase &, const T1 &)::[lambda(int) (instance 1)]>(int, T3)"
0.1,6126837,588,10419.8,10048.0,9791,62559,2909.7,"void <unnamed>::linear_kernel<(int)16, (int)2, (int)4>(const __half *, const unsigned int *, long long, long long, const __half *, const __half *, void *, int, float *, int *, int, int, int, int)"
0.1,6100758,3975,1534.8,1632.0,960,19616,989.6,"void at::native::unrolled_elementwise_kernel<at::native::direct_copy_kernel_cuda(at::TensorIteratorBase &)::[lambda() (instance 3)]::operator ()() const::[lambda() (instance 3)]::operator ()() const::[lambda(int) (instance 1)], std::array<char *, (unsigned long)2>, (int)4, TrivialOffsetCalculator<(int)1, unsigned int>, TrivialOffsetCalculator<(int)1, unsigned int>, at::native::memory::LoadWithCast<(int)1>, at::native::memory::StoreWithCast<(int)1>>(int, T1, T2, T4, T5, T6, T7)"
0.1,5174680,4023,1286.3,1248.0,1056,16384,593.2,"void at::native::vectorized_elementwise_kernel<(int)2, at::native::<unnamed>::where_kernel_impl(at::TensorIterator &)::[lambda() (instance 1)]::operator ()() const::[lambda() (instance 4)]::operator ()() const::[lambda(bool, unsigned long, unsigned long) (instance 1)], std::array<char *, (unsigned long)4>>(int, T2, T3)"
0.1,4750202,4856,978.2,832.0,736,29952,1235.8,"void at::native::vectorized_elementwise_kernel<(int)2, at::native::FillFunctor<long>, std::array<char *, (unsigned long)1>>(int, T2, T3)"
0.1,4362007,1820,2396.7,2272.0,1600,30464,802.1,"at::native::mbtopk::computeDigitCumSum(short *, unsigned int *, unsigned int)"
0.1,4204093,188,22362.2,21792.0,21664,53344,2388.7,"void at::native::radixSortKVInPlace<(int)-2, (int)-1, (int)32, (int)32, long, long, unsigned int>(at::cuda::detail::TensorInfo<T5, T7>, T7, T7, T7, at::cuda::detail::TensorInfo<T6, T7>, T7, bool)"
0.1,4175225,1232,3389.0,2944.0,2848,40800,1653.2,"void at::native::mbtopk::computeBlockDigitCounts<long, unsigned int, unsigned long, (int)2>(at::cuda::detail::TensorInfo<const T1, T2>, unsigned int, unsigned int *, unsigned int, T2, int, int, unsigned int, T3, T3 *, short *)"
0.0,3373949,1338,2521.6,1280.0,992,32896,3700.1,_keys
0.0,3099771,2682,1155.8,1056.0,896,19232,894.6,"void at::native::vectorized_elementwise_kernel<(int)4, at::native::AUnaryFunctor<long, long, bool, at::native::<unnamed>::CompareEqFunctor<long>>, std::array<char *, (unsigned long)2>>(int, T2, T3)"
0.0,2984923,1232,2422.8,2368.0,1952,17728,516.4,"void at::native::mbtopk::computeBlockwiseWithinKCounts<unsigned long, long>(T1 *, short *, unsigned int *, unsigned int *, unsigned int, int, bool, unsigned int *, T2 *, unsigned int *, T1 *, unsigned int)"
0.0,2850715,1940,1469.4,1088.0,1024,15008,1020.9,"void at::native::vectorized_elementwise_kernel<(int)2, at::native::CUDAFunctorOnSelf_add<long>, std::array<char *, (unsigned long)2>>(int, T2, T3)"
0.0,2500252,1192,2097.5,1984.0,1856,23648,872.9,"void at::native::reduce_kernel<(int)512, (int)1, at::native::ReduceOp<long, at::native::func_wrapper_t<long, at::native::sum_functor<long, long, long>::operator ()(at::TensorIterator &)::[lambda(long, long) (instance 1)]>, unsigned int, long, (int)4, (int)4>>(T3)"
0.0,2493437,293,8510.0,8000.0,3328,25376,2720.6,"void at::native::<unnamed>::indexSelectSmallIndex<c10::BFloat16, long, unsigned int, (int)2, (int)2, (int)-2>(at::cuda::detail::TensorInfo<T1, T3>, at::cuda::detail::TensorInfo<const T1, T3>, at::cuda::detail::TensorInfo<const T2, T3>, int, int, T3, long)"
0.0,2426334,889,2729.3,2304.0,1728,17664,1280.1,"void at::native::elementwise_kernel<(int)128, (int)4, void at::native::gpu_kernel_impl_nocast<at::native::direct_copy_kernel_cuda(at::TensorIteratorBase &)::[lambda() (instance 3)]::operator ()() const::[lambda() (instance 12)]::operator ()() const::[lambda(c10::BFloat16) (instance 1)]>(at::TensorIteratorBase &, const T1 &)::[lambda(int) (instance 1)]>(int, T3)"
0.0,2406524,2374,1013.7,736.0,672,12768,760.6,"void at::native::vectorized_elementwise_kernel<(int)4, at::native::FillFunctor<float>, std::array<char *, (unsigned long)1>>(int, T2, T3)"
0.0,2374941,1935,1227.4,928.0,832,10880,810.0,"void at::native::vectorized_elementwise_kernel<(int)4, void at::native::compare_scalar_kernel<int>(at::TensorIteratorBase &, at::native::<unnamed>::OpType, T1)::[lambda(int) (instance 1)], std::array<char *, (unsigned long)2>>(int, T2, T3)"
0.0,2318303,1931,1200.6,1120.0,928,13984,511.9,"void at::native::vectorized_elementwise_kernel<(int)4, void at::native::compare_scalar_kernel<long>(at::TensorIteratorBase &, at::native::<unnamed>::OpType, T1)::[lambda(long) (instance 1)], std::array<char *, (unsigned long)2>>(int, T2, T3)"
0.0,2257823,80,28222.8,29376.0,19488,105824,10545.5,"void dsv41_x3gm::rot_kernel<__nv_bfloat16, (int)2>(const T1 *, int, const int *, const __half *, const __half *, __half *, __half *, int, int, int)"
0.0,2200315,2250,977.9,672.0,608,16608,830.2,"void <unnamed>::elementwise_kernel_with_index<int, at::native::arange_cuda_out(const c10::Scalar &, const c10::Scalar &, const c10::Scalar &, at::Tensor &)::[lambda() (instance 1)]::operator ()() const::[lambda() (instance 4)]::operator ()() const::[lambda(long) (instance 1)]>(T1, T2, function_traits<T2>::result_type *)"
0.0,2123295,1272,1669.3,1536.0,1472,18112,897.7,"void at::native::vectorized_elementwise_kernel<(int)2, at::native::BUnaryFunctor<long, long, long, at::native::binary_internal::div_floor_kernel_cuda(at::TensorIteratorBase &)::[lambda() (instance 1)]::operator ()() const::[lambda() (instance 4)]::operator ()() const::[lambda(long, long) (instance 1)]>, std::array<char *, (unsigned long)2>>(int, T2, T3)"
0.0,1928543,596,3235.8,3296.0,800,9248,669.1,_index_k
0.0,1899071,602,3154.6,3040.0,2784,10592,421.6,"void at_cuda_detail::cub::detail::scan_by_key::DeviceScanByKeyKernel<at_cuda_detail::cub::detail::scan_by_key::policy_hub<thrust::_V_300304_SM_800_860_900_1000_1100_1200::transform_iterator<at::native::mbtopk::BlockIdxToKey, thrust::_V_300304_SM_800_860_900_1000_1100_1200::counting_iterator<unsigned int, thrust::_V_300304_SM_800_860_900_1000_1100_1200::use_default, thrust::_V_300304_SM_800_860_900_1000_1100_1200::use_default, thrust::_V_300304_SM_800_860_900_1000_1100_1200::use_default, thrust::_V_300304_SM_800_860_900_1000_1100_1200::compile_time_value<(int)1>>, thrust::_V_300304_SM_800_860_900_1000_1100_1200::use_default, thrust::_V_300304_SM_800_860_900_1000_1100_1200::use_default>, unsigned int, unsigned int, cuda::std::__4::plus<void>>::Policy1000, thrust::_V_300304_SM_800_860_900_1000_1100_1200::transform_iterator<at::native::mbtopk::BlockIdxToKey, thrust::_V_300304_SM_800_860_900_1000_1100_1200::counting_iterator<unsigned int, thrust::_V_300304_SM_800_860_900_1000_1100_1200::use_default, thrust::_V_300304_SM_800_860_900_1000_1100_1200::use_default, thrust::_V_300304_SM_800_860_900_1000_1100_1200::use_default, thrust::_V_300304_SM_800_860_900_1000_1100_1200::compile_time_value<(int)1>>, thrust::_V_300304_SM_800_860_900_1000_1100_1200::use_default, thrust::_V_300304_SM_800_860_900_1000_1100_1200::use_default>, unsigned int *, unsigned int *, at_cuda_detail::cub::ReduceByKeyScanTileState<unsigned int, int, (bool)1>, cuda::std::__4::equal_to<void>, cuda::std::__4::plus<void>, at_cuda_detail::cub::NullType, unsigned long long, unsigned int, unsigned int>(T2, T11 *, T3, T4, T5, int, T6, T7, T8, T9)"
0.0,1865050,1487,1254.2,1184.0,991,13728,744.1,"void at::native::vectorized_elementwise_kernel<(int)2, at::native::AUnaryFunctor<long, long, long, at::native::BitwiseAndFunctor<long>>, std::array<char *, (unsigned long)2>>(int, T2, T3)"
0.0,1816956,1487,1221.9,1184.0,960,13472,606.4,"void at::native::vectorized_elementwise_kernel<(int)2, at::native::CUDAFunctorOnOther_add<long>, std::array<char *, (unsigned long)2>>(int, T2, T3)"
0.0,1743485,1056,1651.0,800.0,704,13440,1475.1,"void at::native::vectorized_elementwise_kernel<(int)4, at::native::FillFunctor<int>, std::array<char *, (unsigned long)1>>(int, T2, T3)"
0.0,1738873,1487,1169.4,1120.0,896,9952,561.9,"void at::native::vectorized_elementwise_kernel<(int)4, at::native::BinaryFunctor<bool, bool, bool, at::native::BitwiseAndFunctor<bool>>, std::array<char *, (unsigned long)3>>(int, T2, T3)"
0.0,1665279,1233,1350.6,1280.0,1184,7840,465.1,"void at::native::elementwise_kernel<(int)128, (int)2, void at::native::gpu_kernel_impl_nocast<at::native::direct_copy_kernel_cuda(at::TensorIteratorBase &)::[lambda() (instance 3)]::operator ()() const::[lambda() (instance 4)]::operator ()() const::[lambda(long) (instance 1)]>(at::TensorIteratorBase &, const T1 &)::[lambda(int) (instance 1)]>(int, T3)"
0.0,1577917,80,19724.0,19135.5,12192,31648,3512.3,"<unnamed>::combine_kernel(const float *, const float *, float *, int, int)"
0.0,1494110,540,2766.9,2448.0,1888,16992,1153.7,"void at::native::mbtopk::computeBlockDigitCounts<int, unsigned int, unsigned int, (int)2>(at::cuda::detail::TensorInfo<const T1, T2>, unsigned int, unsigned int *, unsigned int, T2, int, int, unsigned int, T3, T3 *, short *)"
0.0,1456127,596,2443.2,1600.0,1504,51552,4946.9,"void at::native::elementwise_kernel<(int)128, (int)2, void at::native::gpu_kernel_impl_nocast<at::native::<unnamed>::where_kernel_impl(at::TensorIterator &)::[lambda() (instance 1)]::operator ()() const::[lambda() (instance 4)]::operator ()() const::[lambda(bool, unsigned long, unsigned long) (instance 1)]>(at::TensorIteratorBase &, const T1 &)::[lambda(int) (instance 1)]>(int, T3)"
0.0,1411807,588,2401.0,2288.0,1824,46784,1868.5,"void at::native::mbtopk::computeBlockwiseWithinKCounts<unsigned int, int>(T1 *, short *, unsigned int *, unsigned int *, unsigned int, int, bool, unsigned int *, T2 *, unsigned int *, T1 *, unsigned int)"
0.0,1331391,147,9057.1,8576.0,4288,53248,4409.8,"void at::native::vectorized_elementwise_kernel<(int)4, at::native::CUDAFunctorOnSelf_add<float>, std::array<char *, (unsigned long)2>>(int, T2, T3)"
0.0,1202653,80,15033.2,14560.0,14368,42688,3166.3,_select
0.0,1151999,596,1932.9,1440.0,1376,34784,3100.5,"void at::native::elementwise_kernel<(int)128, (int)2, void at::native::gpu_kernel_impl_nocast<at::native::CUDAFunctor_add<long>>(at::TensorIteratorBase &, const T1 &)::[lambda(int) (instance 1)]>(int, T3)"
0.0,1064638,596,1786.3,1696.0,768,21824,1352.2,_pool_norm
0.0,1019101,756,1348.0,1120.0,1056,18176,1155.9,"void at::native::vectorized_elementwise_kernel<(int)2, at::native::AUnaryFunctor<long, long, long, at::native::binary_internal::MulFunctor<long>>, std::array<char *, (unsigned long)2>>(int, T2, T3)"
0.0,967999,154,6285.7,5872.0,5184,11936,1224.3,"void at::native::mbtopk::gatherTopK<long, unsigned int, (int)2>(at::cuda::detail::TensorInfo<const T1, T2>, T2, T2, bool, unsigned int, T2, at::cuda::detail::TensorInfo<T1, T2>, T2, at::cuda::detail::TensorInfo<long, T2>, T2, unsigned int, unsigned int, T1 *, unsigned int *, unsigned int *, unsigned int)"
0.0,960062,453,2119.3,1312.0,1184,22784,1740.7,"void at::native::<unnamed>::CatArrayBatchedCopy_vectorized<at::native::<unnamed>::OpaqueType<(unsigned int)4>, unsigned int, (int)1, (int)128, (int)1, (int)16, (int)4>(char *, at::native::<unnamed>::CatArrInputTensorMetadata<T1, T2, T4, T5>, at::native::<unnamed>::TensorSizeStride<T2, (unsigned int)4>, int, T2)"
0.0,955998,240,3983.3,2496.0,2272,17088,2362.3,"void at::native::index_elementwise_kernel<(int)128, (int)4, void at::native::gpu_index_kernel<void at::native::index_kernel_impl<at::native::OpaqueType<(int)8>>(at::TensorIteratorBase &, c10::ArrayRef<long>, c10::ArrayRef<long>)::[lambda(char *, const char *, long) (instance 1)]>(at::TensorIteratorBase &, c10::ArrayRef<long>, c10::ArrayRef<long>, const T1 &, bool)::[lambda(int) (instance 1)]>(long, T3)"
0.0,911710,147,6202.1,5888.0,2528,10880,1266.2,"void at::native::vectorized_elementwise_kernel<(int)4, at::native::AUnaryFunctor<int, int, int, at::native::BitwiseXorFunctor<int>>, std::array<char *, (unsigned long)2>>(int, T2, T3)"
0.0,884032,375,2357.4,1024.0,960,12032,2584.1,"void at::native::vectorized_elementwise_kernel<(int)4, at::native::CUDAFunctor_add<float>, std::array<char *, (unsigned long)3>>(int, T2, T3)"
0.0,781310,147,5315.0,5184.0,1760,31808,2458.3,"void at::native::vectorized_elementwise_kernel<(int)4, at::native::<unnamed>::where_kernel_impl(at::TensorIterator &)::[lambda() (instance 1)]::operator ()() const::[lambda() (instance 3)]::operator ()() const::[lambda(bool, unsigned int, unsigned int) (instance 1)], std::array<char *, (unsigned long)4>>(int, T2, T3)"
0.0,769470,293,2626.2,2496.0,1728,8960,1285.9,"void at::native::_scatter_gather_elementwise_kernel<(int)128, (int)8, void at::native::_cuda_scatter_gather_internal_kernel<(bool)0, at::native::OpaqueType<(int)4>, long>::operator ()<at::native::TensorAssign>(at::TensorIterator &, long, long, long, const T1 &)::[lambda(int) (instance 1)]>(int, T3)"
0.0,707168,535,1321.8,1248.0,992,9408,573.5,"void at::native::vectorized_elementwise_kernel<(int)2, at::native::<unnamed>::launch_clamp_scalar(at::TensorIteratorBase &, c10::Scalar, c10::Scalar, at::native::detail::ClampLimits)::[lambda() (instance 1)]::operator ()() const::[lambda() (instance 4)]::operator ()() const::[lambda(long) (instance 1)], std::array<char *, (unsigned long)2>>(int, T2, T3)"
0.0,690784,400,1727.0,1536.0,1280,19328,1373.6,"void at::native::vectorized_elementwise_kernel<(int)2, at::native::CUDAFunctor_add<long>, std::array<char *, (unsigned long)3>>(int, T2, T3)"
0.0,666015,518,1285.7,1184.0,1152,3904,218.7,"void at::native::elementwise_kernel<(int)128, (int)2, void at::native::gpu_kernel_impl_nocast<at::native::direct_copy_kernel_cuda(at::TensorIteratorBase &)::[lambda() (instance 3)]::operator ()() const::[lambda() (instance 7)]::operator ()() const::[lambda(float) (instance 1)]>(at::TensorIteratorBase &, const T1 &)::[lambda(int) (instance 1)]>(int, T3)"
0.0,645694,229,2819.6,2016.0,1536,30784,2559.8,"void at::native::<unnamed>::CatArrayBatchedCopy_vectorized<at::native::<unnamed>::OpaqueType<(unsigned int)2>, unsigned int, (int)2, (int)128, (int)1, (int)16, (int)8>(char *, at::native::<unnamed>::CatArrInputTensorMetadata<T1, T2, T4, T5>, at::native::<unnamed>::TensorSizeStride<T2, (unsigned int)4>, int, T2)"
0.0,629247,135,4661.1,4288.0,3712,7200,833.5,"void at::native::mbtopk::gatherTopK<int, unsigned int, (int)2>(at::cuda::detail::TensorInfo<const T1, T2>, T2, T2, bool, unsigned int, T2, at::cuda::detail::TensorInfo<T1, T2>, T2, at::cuda::detail::TensorInfo<long, T2>, T2, unsigned int, unsigned int, T1 *, unsigned int *, unsigned int *, unsigned int)"
0.0,568960,295,1928.7,1728.0,1600,15200,1080.0,"void at::native::elementwise_kernel<(int)128, (int)2, void at::native::gpu_kernel_impl_nocast<at::native::<unnamed>::where_kernel_impl(at::TensorIterator &)::[lambda() (instance 1)]::operator ()() const::[lambda() (instance 3)]::operator ()() const::[lambda(bool, unsigned int, unsigned int) (instance 1)]>(at::TensorIteratorBase &, const T1 &)::[lambda(int) (instance 1)]>(int, T3)"
0.0,562942,146,3855.8,3712.0,3648,12672,858.0,"void at::native::warpMergeSortKVInPlace<(int)2, (int)-1, (int)128, (int)16, long, long, at::native::GTOp<long, (bool)1>, unsigned int, (int)32>(at::cuda::detail::TensorInfo<T5, T8>, T8, T8, T8, at::cuda::detail::TensorInfo<T6, T8>, T8, T7, T5)"
0.0,555231,135,4112.8,4096.0,4032,4480,63.3,"void at::native::bitonicSortKVInPlace<(int)2, (int)-1, (int)16, (int)16, int, long, at::native::GTOp<int, (bool)1>, unsigned int>(at::cuda::detail::TensorInfo<T5, T8>, T8, T8, T8, at::cuda::detail::TensorInfo<T6, T8>, T8, T7)"
0.0,523808,602,870.1,864.0,672,4288,369.5,"void at_cuda_detail::cub::detail::scan_by_key::DeviceScanByKeyInitKernel<at_cuda_detail::cub::ReduceByKeyScanTileState<unsigned int, int, (bool)1>, thrust::_V_300304_SM_800_860_900_1000_1100_1200::transform_iterator<at::native::mbtopk::BlockIdxToKey, thrust::_V_300304_SM_800_860_900_1000_1100_1200::counting_iterator<unsigned int, thrust::_V_300304_SM_800_860_900_1000_1100_1200::use_default, thrust::_V_300304_SM_800_860_900_1000_1100_1200::use_default, thrust::_V_300304_SM_800_860_900_1000_1100_1200::use_default, thrust::_V_300304_SM_800_860_900_1000_1100_1200::compile_time_value<(int)1>>, thrust::_V_300304_SM_800_860_900_1000_1100_1200::use_default, thrust::_V_300304_SM_800_860_900_1000_1100_1200::use_default>, unsigned long long>(T1, T2, cuda::std::__4::iterator_traits<T2>::value_type *, T3, int)"
0.0,492448,135,3647.8,3264.0,1856,19392,2347.0,"void at::native::elementwise_kernel<(int)128, (int)2, void at::native::gpu_kernel_impl_nocast<at::native::BinaryFunctor<int, int, int, at::native::BitwiseOrFunctor<int>>>(at::TensorIteratorBase &, const T1 &)::[lambda(int) (instance 1)]>(int, T3)"
0.0,482431,596,809.4,736.0,672,12224,539.0,"void at::native::vectorized_elementwise_kernel<(int)4, at::native::FillFunctor<c10::BFloat16>, std::array<char *, (unsigned long)1>>(int, T2, T3)"
0.0,378016,160,2362.6,2112.0,1760,27232,2054.8,"void at::native::vectorized_elementwise_kernel<(int)4, at::native::<unnamed>::launch_clamp_scalar(at::TensorIteratorBase &, c10::Scalar, c10::Scalar, at::native::detail::ClampLimits)::[lambda() (instance 1)]::operator ()() const::[lambda() (instance 7)]::operator ()() const::[lambda(float) (instance 1)], std::array<char *, (unsigned long)2>>(int, T2, T3)"
0.0,306368,147,2084.1,1760.0,1088,5376,1013.8,"void at::native::vectorized_elementwise_kernel<(int)4, at::native::AUnaryFunctor<int, int, int, at::native::BitwiseAndFunctor<int>>, std::array<char *, (unsigned long)2>>(int, T2, T3)"
0.0,283135,301,940.6,832.0,672,4032,504.0,"void at::native::mbtopk::fill<unsigned int, unsigned int>(T1 *, T1, T2)"
0.0,277407,160,1733.8,1536.0,1376,18496,1613.6,"void at_cuda_detail::cub::detail::scan::DeviceScanKernel<at_cuda_detail::cub::detail::scan::policy_hub<long, long, long, unsigned int, std::plus<long>>::Policy1000, const long *, long *, at_cuda_detail::cub::ScanTileState<long, (bool)1>, std::plus<long>, at_cuda_detail::cub::NullType, unsigned int, long, (bool)0, at_cuda_detail::cub::NullType>(T2, T3, T4, int, T5, T6, T7)"
0.0,266880,80,3336.0,3008.0,2560,23520,2428.5,"void at::cuda::kernelHistogram1D<long, long, long, (int)1, (int)2, (int)-1, (at::cuda::CUDAHistogramMemoryType)0, bool at::cuda::CUDA_tensor_histogram<long, long, (bool)0>(at::Tensor, at::Tensor, at::Tensor, long, at::AccumulateType<T2, (bool)1>::type, at::AccumulateType<T2, (bool)1>::type, at::cuda::TensorArgType, at::cuda::TensorArgType, at::cuda::TensorArgType)::[lambda(long) (instance 2)]>(at::cuda::detail::TensorInfo<T1, T3>, at::cuda::detail::TensorInfo<T1, T3>, at::cuda::detail::TensorInfo<const T2, T3>, long, at::AccumulateType<T2, (bool)1>::type, at::AccumulateType<T2, (bool)1>::type, T3, T8)"
0.0,262656,147,1786.8,1280.0,1088,4864,773.0,"void at::native::vectorized_elementwise_kernel<(int)4, at::native::CUDAFunctorOnOther_add<int>, std::array<char *, (unsigned long)2>>(int, T2, T3)"
0.0,258943,147,1761.5,1760.0,1184,18336,1410.8,"void <unnamed>::elementwise_kernel_with_index<int, at::native::arange_cuda_out(const c10::Scalar &, const c10::Scalar &, const c10::Scalar &, at::Tensor &)::[lambda() (instance 1)]::operator ()() const::[lambda() (instance 3)]::operator ()() const::[lambda(long) (instance 1)]>(T1, T2, function_traits<T2>::result_type *)"
0.0,251968,4,62992.0,63200.0,34016,91552,32255.0,"void <unnamed>::unpack_kernel<(int)12, (int)2>(const unsigned int *, __half *, int, long, long)"
0.0,246432,147,1676.4,1568.0,1376,12448,918.7,"void at::native::mbtopk::computeBlockwiseKthCounts<unsigned int>(T1 *, short *, unsigned int, unsigned int, unsigned int *)"
0.0,240768,147,1637.9,1664.0,1344,1952,103.3,"void at::native::<unnamed>::CatArrayBatchedCopy_alignedK_contig<at::native::<unnamed>::OpaqueType<(unsigned int)4>, unsigned int, (int)2, (int)128, (int)1, (int)16>(T1 *, at::native::<unnamed>::CatArrInputTensorMetadata<T1, T2, T4, T5>, at::native::<unnamed>::TensorSizeStride<T2, (unsigned int)4>, int, T2)"
0.0,228895,154,1486.3,1408.0,1376,4352,285.4,"void at::native::mbtopk::computeBlockwiseKthCounts<unsigned long>(T1 *, short *, unsigned int, unsigned int, unsigned int *)"
0.0,217599,80,2720.0,2560.0,2304,14080,1312.6,"void at::native::<unnamed>::searchsorted_cuda_kernel<long, long>(T2 *, const T1 *, const T1 *, const long *, long, long, long, bool, bool)"
0.0,212894,80,2661.2,2496.0,2271,7488,739.2,"void at::native::reduce_kernel<(int)512, (int)1, at::native::ReduceOp<long, at::native::MinMaxOps<long, long, int>, unsigned int, long, (int)4, (int)4>>(T3)"
0.0,195072,154,1266.7,1056.0,992,8064,814.5,"void at::native::<unnamed>::CatArrayBatchedCopy_vectorized<at::native::<unnamed>::OpaqueType<(unsigned int)8>, unsigned int, (int)2, (int)128, (int)1, (int)16, (int)2>(char *, at::native::<unnamed>::CatArrInputTensorMetadata<T1, T2, T4, T5>, at::native::<unnamed>::TensorSizeStride<T2, (unsigned int)4>, int, T2)"
0.0,184095,160,1150.6,1088.0,864,6240,671.7,"void at_cuda_detail::cub::detail::scan::DeviceScanInitKernel<at_cuda_detail::cub::ScanTileState<long, (bool)1>>(T1, int)"
0.0,175264,80,2190.8,2112.0,1856,5728,557.5,"void at::native::vectorized_elementwise_kernel<(int)4, at::native::BinaryFunctor<float, float, float, at::native::binary_internal::MulFunctor<float>>, std::array<char *, (unsigned long)3>>(int, T2, T3)"
0.0,171136,80,2139.2,1728.0,1408,24320,2603.9,"void at::native::vectorized_elementwise_kernel<(int)4, at::native::<unnamed>::silu_kernel(at::TensorIteratorBase &)::[lambda() (instance 1)]::operator ()() const::[lambda() (instance 2)]::operator ()() const::[lambda(float) (instance 1)], std::array<char *, (unsigned long)2>>(int, T2, T3)"
0.0,166592,149,1118.1,1120.0,1056,1632,63.5,_block_keys
0.0,163360,152,1074.7,1024.0,992,3104,208.0,"void at::native::<unnamed>::CatArrayBatchedCopy_vectorized<at::native::<unnamed>::OpaqueType<(unsigned int)4>, unsigned int, (int)2, (int)128, (int)1, (int)16, (int)4>(char *, at::native::<unnamed>::CatArrInputTensorMetadata<T1, T2, T4, T5>, at::native::<unnamed>::TensorSizeStride<T2, (unsigned int)4>, int, T2)"
0.0,126751,80,1584.4,1552.0,1312,3648,374.1,"void at::native::elementwise_kernel<(int)128, (int)2, void at::native::gpu_kernel_impl_nocast<at::native::direct_copy_kernel_cuda(at::TensorIteratorBase &)::[lambda() (instance 3)]::operator ()() const::[lambda() (instance 3)]::operator ()() const::[lambda(int) (instance 1)]>(at::TensorIteratorBase &, const T1 &)::[lambda(int) (instance 1)]>(int, T3)"
0.0,113216,48,2358.7,1920.0,1728,3968,810.6,"void at::native::mbtopk::computeBlockDigitCounts<int, unsigned int, unsigned int, (int)1>(at::cuda::detail::TensorInfo<const T1, T2>, unsigned int, unsigned int *, unsigned int, T2, int, int, unsigned int, T3, T3 *, short *)"
0.0,84992,80,1062.4,896.0,864,3968,458.9,"void at::native::elementwise_kernel<(int)128, (int)2, void at::native::gpu_kernel_impl_nocast<at::native::FillFunctor<int>>(at::TensorIteratorBase &, const T1 &)::[lambda(int) (instance 1)]>(int, T3)"
0.0,82144,80,1026.8,896.0,832,5472,551.3,"void at::native::elementwise_kernel<(int)128, (int)2, void at::native::gpu_kernel_impl_nocast<at::native::FillFunctor<float>>(at::TensorIteratorBase &, const T1 &)::[lambda(int) (instance 1)]>(int, T3)"
0.0,47744,12,3978.7,3984.0,3936,4000,24.9,"void at::native::bitonicSortKVInPlace<(int)-2, (int)-1, (int)16, (int)16, int, long, at::native::GTOp<int, (bool)1>, unsigned int>(at::cuda::detail::TensorInfo<T5, T8>, T8, T8, T8, at::cuda::detail::TensorInfo<T6, T8>, T8, T7)"
0.0,45472,12,3789.3,3760.0,3744,4000,74.1,"void at::native::mbtopk::gatherTopK<int, unsigned int, (int)1>(at::cuda::detail::TensorInfo<const T1, T2>, T2, T2, bool, unsigned int, T2, at::cuda::detail::TensorInfo<T1, T2>, T2, at::cuda::detail::TensorInfo<long, T2>, T2, unsigned int, unsigned int, T1 *, unsigned int *, unsigned int *, unsigned int)"
0.0,33856,8,4232.0,4272.0,3872,4448,193.3,"void at::native::bitonicSortKVInPlace<(int)2, (int)-1, (int)16, (int)16, long, long, at::native::LTOp<long, (bool)1>, unsigned int>(at::cuda::detail::TensorInfo<T5, T8>, T8, T8, T8, at::cuda::detail::TensorInfo<T6, T8>, T8, T7)"
0.0,29728,12,2477.3,2480.0,2400,2624,61.7,"void at::native::vectorized_elementwise_kernel<(int)4, at::native::BinaryFunctor<int, int, int, at::native::BitwiseOrFunctor<int>>, std::array<char *, (unsigned long)3>>(int, T2, T3)"
0.0,22976,4,5744.0,4896.0,3488,9696,2920.5,"void at::native::<unnamed>::CatArrayBatchedCopy_vectorized<at::native::<unnamed>::OpaqueType<(unsigned int)2>, unsigned int, (int)1, (int)128, (int)1, (int)16, (int)8>(char *, at::native::<unnamed>::CatArrInputTensorMetadata<T1, T2, T4, T5>, at::native::<unnamed>::TensorSizeStride<T2, (unsigned int)4>, int, T2)"
0.0,19776,2,9888.0,9888.0,9760,10016,181.0,"void at::native::vectorized_gather_kernel<(int)16, long>(char *, char *, T2 *, int, long, long, long, long, bool)"
0.0,17280,8,2160.0,2208.0,1888,2368,171.9,"void <unnamed>::unpack_kernel<(int)16, (int)2>(const unsigned int *, __half *, int, long, long)"
0.0,11360,3,3786.7,2688.0,2560,6112,2014.8,"void at::native::<unnamed>::CatArrayBatchedCopy_alignedK_contig<at::native::<unnamed>::OpaqueType<(unsigned int)8>, unsigned int, (int)2, (int)128, (int)1, (int)16>(T1 *, at::native::<unnamed>::CatArrInputTensorMetadata<T1, T2, T4, T5>, at::native::<unnamed>::TensorSizeStride<T2, (unsigned int)4>, int, T2)"
0.0,7552,2,3776.0,3776.0,3616,3936,226.3,"void at::native::warpMergeSortKVInPlace<(int)2, (int)-1, (int)128, (int)16, long, long, at::native::LTOp<long, (bool)1>, unsigned int, (int)32>(at::cuda::detail::TensorInfo<T5, T8>, T8, T8, T8, at::cuda::detail::TensorInfo<T6, T8>, T8, T7, T5)"
