Time (%),Total Time (ns),Num Calls,Avg (ns),Med (ns),Min (ns),Max (ns),StdDev (ns),Name
79.7,5454350768,430,12684536.7,4736.0,1280,62133177,18401150.0,cudaEventSynchronize
13.9,947784994,3552,266831.4,4592.0,2304,7372377,1038106.2,cudaMemcpyAsync
4.0,271546548,286,949463.5,1198729.5,155809,2751379,722610.7,cudaGraphLaunch
2.0,139593270,34181,4083.9,3584.0,2160,125104,2063.4,cudaLaunchKernel
0.2,11053908,2768,3993.5,3552.0,2288,62384,2126.7,cuLaunchKernelEx
0.1,8301256,453,18325.1,1216.0,944,3953364,244084.6,cudaStreamSynchronize
0.1,3752258,34181,109.8,64.0,16,9872,178.5,cuKernelGetName
0.0,1670465,302,5531.3,4064.0,1744,29968,4272.0,cudaMemsetAsync
0.0,1148785,338,3398.8,2784.0,2368,98304,5381.9,cudaLaunchKernelExC
0.0,835522,568,1471.0,1152.0,752,64896,2920.4,cudaEventRecordWithFlags
0.0,606800,2554,237.6,192.0,112,4784,219.6,cudaStreamIsCapturing
0.0,520096,425,1223.8,768.0,480,11648,1392.6,cudaEventCreateWithFlags
0.0,229904,426,539.7,480.0,272,2480,265.1,cudaEventDestroy
0.0,35824,1,35824.0,35824.0,35824,35824,0.0,cudaDeviceSynchronize
0.0,7120,1,7120.0,7120.0,7120,7120,0.0,cuProfilerStart
0.0,4128,3,1376.0,1536.0,816,1776,499.6,cuLibraryGetKernel
