Time (%),Total Time (ns),Instances,Avg (ns),Med (ns),Min (ns),Max (ns),StdDev (ns),Style,Range
33.8,7776111203,150,51840741.4,47225021.0,2032,411757386,39258924.6,PushPop,:execute
27.9,6412536133,148,43327946.8,42226095.0,33471196,66633095,7437596.1,PushPop,:window
26.6,6123398704,148,41374315.6,40528549.0,31415769,64532772,7461909.5,PushPop,:candidates
2.6,608659274,146,4168899.1,4080205.0,3681285,8360923,530795.0,PushPop,:draft
2.5,570436932,146,3907102.3,3815989.0,3408181,8226523,534119.0,PushPop,:draft.pass
1.7,395523060,148,2672453.1,2657323.0,13872,4320470,458430.1,PushPop,:spec
1.6,374307481,2,187153740.5,187153740.5,156129292,218178189,43875195.8,PushPop,:prefill
1.2,285464752,148,1928815.9,1749450.5,1467442,6606393,585095.2,PushPop,:forward
1.1,245109308,148,1656144.0,1554426.0,1302113,2688003,299512.9,PushPop,:graph.replay
0.3,63180769,150,421205.1,424616.5,0,1066866,110406.0,PushPop,:commit
0.2,39025278,148,263684.3,222800.5,29936,784801,225959.8,PushPop,:prefetch
0.1,26663268,148,180157.2,82584.0,68192,4889399,502300.8,PushPop,:graph.stage
0.1,26218545,4,6554636.3,6970481.0,2703811,9573772,3411770.8,PushPop,:engram.wait
0.1,14046623,150,93644.2,79344.0,65072,371744,41095.4,PushPop,:share
0.0,4441287,150,29608.6,28144.0,1552,95232,9108.0,PushPop,:sample
0.0,4292136,150,28614.2,20768.0,7568,648209,63792.7,PushPop,:plan
0.0,4094583,312,13123.7,11568.0,7200,28912,4900.1,PushPop,CCCL:cub::DeviceScan::InclusiveSumByKey
0.0,3528883,146,24170.4,23552.0,18400,46432,3542.9,PushPop,:draft.depth
0.0,2530756,191,13250.0,10240.0,7888,79648,8354.2,PushPop,CCCL:cub::DeviceScan::InclusiveScan
